Model,Mean training accuracy,Mean validation accuracy

Baseline,0.9740148186683655,0.9181000053882599

Variant_Learning Rate,0.9667407453060151,0.9185666650533676

Variant_Dropout,0.9578697482744852,0.91789444287618

Variant_Softpool,0.9752648115158081,0.9173833310604096

Variant_Leaky_ReLU,0.9766351789236069,0.91644167304039

